{
    "best parameters": {
        "classifier__C": 10,
        "classifier__penalty": "l2",
        "classifier__solver": "liblinear"
    },
    "results": [
        {
            "mean_fit_time": 0.014081430435180665,
            "std_fit_time": 0.0007479335061805412,
            "mean_score_time": 0.006409645080566406,
            "std_score_time": 0.0002052009305651471,
            "param_classifier__C": 10.0,
            "param_classifier__penalty": "l2",
            "param_classifier__solver": "liblinear",
            "params": {
                "classifier__C": 10,
                "classifier__penalty": "l2",
                "classifier__solver": "liblinear"
            },
            "split0_test_score": 0.8780487804878049,
            "split1_test_score": 0.8780487804878049,
            "split2_test_score": 0.8597560975609756,
            "split3_test_score": 0.8475609756097561,
            "split4_test_score": 0.8353658536585366,
            "mean_test_score": 0.8597560975609756,
            "std_test_score": 0.016809815551329554,
            "rank_test_score": 1
        },
        {
            "mean_fit_time": 0.03509044647216797,
            "std_fit_time": 0.004357289591921851,
            "mean_score_time": 0.004409933090209961,
            "std_score_time": 0.0005821927382954667,
            "param_classifier__C": 10.0,
            "param_classifier__penalty": "l2",
            "param_classifier__solver": "saga",
            "params": {
                "classifier__C": 10,
                "classifier__penalty": "l2",
                "classifier__solver": "saga"
            },
            "split0_test_score": 0.8780487804878049,
            "split1_test_score": 0.8719512195121951,
            "split2_test_score": 0.8597560975609756,
            "split3_test_score": 0.8475609756097561,
            "split4_test_score": 0.8353658536585366,
            "mean_test_score": 0.8585365853658538,
            "std_test_score": 0.015617376188860619,
            "rank_test_score": 2
        },
        {
            "mean_fit_time": 0.031702613830566405,
            "std_fit_time": 0.0036655693131880085,
            "mean_score_time": 0.006686496734619141,
            "std_score_time": 0.0007533624855602768,
            "param_classifier__C": 1.0,
            "param_classifier__penalty": "l1",
            "param_classifier__solver": "saga",
            "params": {
                "classifier__C": 1,
                "classifier__penalty": "l1",
                "classifier__solver": "saga"
            },
            "split0_test_score": 0.8780487804878049,
            "split1_test_score": 0.8597560975609756,
            "split2_test_score": 0.8414634146341463,
            "split3_test_score": 0.8536585365853658,
            "split4_test_score": 0.8597560975609756,
            "mean_test_score": 0.8585365853658535,
            "std_test_score": 0.011823609408332521,
            "rank_test_score": 3
        },
        {
            "mean_fit_time": 0.025721073150634766,
            "std_fit_time": 0.001167458051018468,
            "mean_score_time": 0.007059240341186523,
            "std_score_time": 0.0005185061261934201,
            "param_classifier__C": 1.0,
            "param_classifier__penalty": "l2",
            "param_classifier__solver": "saga",
            "params": {
                "classifier__C": 1,
                "classifier__penalty": "l2",
                "classifier__solver": "saga"
            },
            "split0_test_score": 0.8719512195121951,
            "split1_test_score": 0.8597560975609756,
            "split2_test_score": 0.8658536585365854,
            "split3_test_score": 0.8475609756097561,
            "split4_test_score": 0.8353658536585366,
            "mean_test_score": 0.8560975609756097,
            "std_test_score": 0.013134548310084168,
            "rank_test_score": 4
        },
        {
            "mean_fit_time": 0.014927864074707031,
            "std_fit_time": 0.0013567265585522684,
            "mean_score_time": 0.007571744918823242,
            "std_score_time": 0.0005043437307558978,
            "param_classifier__C": 1.0,
            "param_classifier__penalty": "l1",
            "param_classifier__solver": "liblinear",
            "params": {
                "classifier__C": 1,
                "classifier__penalty": "l1",
                "classifier__solver": "liblinear"
            },
            "split0_test_score": 0.8780487804878049,
            "split1_test_score": 0.8597560975609756,
            "split2_test_score": 0.8414634146341463,
            "split3_test_score": 0.8414634146341463,
            "split4_test_score": 0.8536585365853658,
            "mean_test_score": 0.8548780487804878,
            "std_test_score": 0.013579913080073235,
            "rank_test_score": 5
        },
        {
            "mean_fit_time": 0.02350296974182129,
            "std_fit_time": 0.0032481321722227017,
            "mean_score_time": 0.0072002410888671875,
            "std_score_time": 0.0006083690027311499,
            "param_classifier__C": 10.0,
            "param_classifier__penalty": "l1",
            "param_classifier__solver": "liblinear",
            "params": {
                "classifier__C": 10,
                "classifier__penalty": "l1",
                "classifier__solver": "liblinear"
            },
            "split0_test_score": 0.8719512195121951,
            "split1_test_score": 0.8597560975609756,
            "split2_test_score": 0.8597560975609756,
            "split3_test_score": 0.8475609756097561,
            "split4_test_score": 0.8353658536585366,
            "mean_test_score": 0.8548780487804878,
            "std_test_score": 0.012436632959982413,
            "rank_test_score": 5
        },
        {
            "mean_fit_time": 0.014785242080688477,
            "std_fit_time": 0.0007908964247807133,
            "mean_score_time": 0.007409095764160156,
            "std_score_time": 0.0008558880578471838,
            "param_classifier__C": 1.0,
            "param_classifier__penalty": "l2",
            "param_classifier__solver": "liblinear",
            "params": {
                "classifier__C": 1,
                "classifier__penalty": "l2",
                "classifier__solver": "liblinear"
            },
            "split0_test_score": 0.8719512195121951,
            "split1_test_score": 0.8597560975609756,
            "split2_test_score": 0.8658536585365854,
            "split3_test_score": 0.8353658536585366,
            "split4_test_score": 0.8353658536585366,
            "mean_test_score": 0.853658536585366,
            "std_test_score": 0.015425744683748206,
            "rank_test_score": 7
        },
        {
            "mean_fit_time": 0.04886951446533203,
            "std_fit_time": 0.009215100773764388,
            "mean_score_time": 0.005004358291625976,
            "std_score_time": 0.0008364075720720311,
            "param_classifier__C": 10.0,
            "param_classifier__penalty": "l1",
            "param_classifier__solver": "saga",
            "params": {
                "classifier__C": 10,
                "classifier__penalty": "l1",
                "classifier__solver": "saga"
            },
            "split0_test_score": 0.8719512195121951,
            "split1_test_score": 0.8536585365853658,
            "split2_test_score": 0.8597560975609756,
            "split3_test_score": 0.8475609756097561,
            "split4_test_score": 0.8353658536585366,
            "mean_test_score": 0.853658536585366,
            "std_test_score": 0.012195121951219523,
            "rank_test_score": 7
        },
        {
            "mean_fit_time": 0.013724517822265626,
            "std_fit_time": 0.0006242088066356379,
            "mean_score_time": 0.007045459747314453,
            "std_score_time": 0.0003216258820283196,
            "param_classifier__C": 0.1,
            "param_classifier__penalty": "l2",
            "param_classifier__solver": "liblinear",