{
    "best parameters": {
        "C": 10,
        "penalty": "l1",
        "solver": "liblinear"
    },
    "results": [
        {
            "mean_fit_time": 0.03266949653625488,
            "std_fit_time": 0.0036160179772557833,
            "mean_score_time": 0.002006053924560547,
            "std_score_time": 3.398614822617619e-06,
            "param_C": 10.0,
            "param_penalty": "l2",
            "param_solver": "saga",
            "params": {
                "C": 10,
                "penalty": "l2",
                "solver": "saga"
            },
            "split0_test_score": 0.8509316770186336,
            "split1_test_score": 0.8819875776397516,
            "split2_test_score": 0.875,
            "split3_test_score": 0.85625,
            "split4_test_score": 0.9,
            "mean_test_score": 0.8728338509316771,
            "std_test_score": 0.017783205017521144,
            "rank_test_score": 1
        },
        {
            "mean_fit_time": 0.004834747314453125,
            "std_fit_time": 0.0006812627832451243,
            "mean_score_time": 0.002046632766723633,
            "std_score_time": 0.001013510065090478,
            "param_C": 10.0,
            "param_penalty": "l2",
            "param_solver": "liblinear",
            "params": {
                "C": 10,
                "penalty": "l2",
                "solver": "liblinear"
            },
            "split0_test_score": 0.8509316770186336,
            "split1_test_score": 0.8819875776397516,
            "split2_test_score": 0.875,
            "split3_test_score": 0.85625,
            "split4_test_score": 0.9,
            "mean_test_score": 0.8728338509316771,
            "std_test_score": 0.017783205017521144,
            "rank_test_score": 1
        },
        {
            "mean_fit_time": 0.059315729141235354,
            "std_fit_time": 0.0121076106883362,
            "mean_score_time": 0.0018622398376464844,
            "std_score_time": 0.0010303956421083018,
            "param_C": 10.0,
            "param_penalty": "l1",
            "param_solver": "saga",
            "params": {
                "C": 10,
                "penalty": "l1",
                "solver": "saga"
            },
            "split0_test_score": 0.8509316770186336,
            "split1_test_score": 0.8819875776397516,
            "split2_test_score": 0.875,
            "split3_test_score": 0.85625,
            "split4_test_score": 0.9,
            "mean_test_score": 0.8728338509316771,
            "std_test_score": 0.017783205017521144,
            "rank_test_score": 1
        },
        {
            "mean_fit_time": 0.010893011093139648,
            "std_fit_time": 0.0035198176108663043,
            "mean_score_time": 0.002223968505859375,
            "std_score_time": 0.00039881703261765254,
            "param_C": 10.0,
            "param_penalty": "l1",
            "param_solver": "liblinear",
            "params": {
                "C": 10,
                "penalty": "l1",
                "solver": "liblinear"
            },
            "split0_test_score": 0.8509316770186336,
            "split1_test_score": 0.8819875776397516,
            "split2_test_score": 0.875,
            "split3_test_score": 0.85625,
            "split4_test_score": 0.9,
            "mean_test_score": 0.8728338509316771,
            "std_test_score": 0.017783205017521144,
            "rank_test_score": 1
        },
        {
            "mean_fit_time": 0.0533785343170166,
            "std_fit_time": 0.01629520637525681,
            "mean_score_time": 0.0031055927276611326,
            "std_score_time": 0.003298054342268795,
            "param_C": 100.0,
            "param_penalty": "l2",
            "param_solver": "saga",
            "params": {
                "C": 100,
                "penalty": "l2",
                "solver": "saga"
            },
            "split0_test_score": 0.8509316770186336,
            "split1_test_score": 0.8819875776397516,
            "split2_test_score": 0.88125,
            "split3_test_score": 0.85625,
            "split4_test_score": 0.89375,
            "mean_test_score": 0.8728338509316769,
            "std_test_score": 0.016412415443656955,
            "rank_test_score": 5
        },
        {
            "mean_fit_time": 0.08791241645812989,
            "std_fit_time": 0.043339478870639464,
            "mean_score_time": 0.0027093887329101562,
            "std_score_time": 0.0035208546600612226,
            "param_C": 100.0,
            "param_penalty": "l1",
            "param_solver": "saga",
            "params": {
                "C": 100,
                "penalty": "l1",
                "solver": "saga"
            },
            "split0_test_score": 0.8509316770186336,
            "split1_test_score": 0.8819875776397516,
            "split2_test_score": 0.88125,
            "split3_test_score": 0.85625,
            "split4_test_score": 0.89375,
            "mean_test_score": 0.8728338509316769,
            "std_test_score": 0.016412415443656955,
            "rank_test_score": 5
        },
        {
            "mean_fit_time": 0.028180646896362304,
            "std_fit_time": 0.011686003589364094,
            "mean_score_time": 0.0035295009613037108,
            "std_score_time": 0.0032959902763540967,
            "param_C": 100.0,
            "param_penalty": "l1",
            "param_solver": "liblinear",
            "params": {
                "C": 100,
                "penalty": "l1",
                "solver": "liblinear"
            },
            "split0_test_score": 0.8509316770186336,
            "split1_test_score": 0.8819875776397516,
            "split2_test_score": 0.88125,
            "split3_test_score": 0.85625,
            "split4_test_score": 0.89375,
            "mean_test_score": 0.8728338509316769,
            "std_test_score": 0.016412415443656955,
            "rank_test_score": 5
        },
        {
            "mean_fit_time": 0.005897998809814453,
            "std_fit_time": 0.0010253637205118033,
            "mean_score_time": 0.002256917953491211,
            "std_score_time": 0.0007611166129122088,
            "param_C": 100.0,
            "param_penalty": "l2",
            "param_solver": "liblinear",
            "params": {
                "C": 100,
                "penalty": "l2",
                "solver": "liblinear"
            },
            "split0_test_score": 0.8509316770186336,
            "split1_test_score": 0.8819875776397516,
            "split2_test_score": 0.88125,
            "split3_test_score": 0.85625,
            "split4_test_score": 0.89375,
            "mean_test_score": 0.8728338509316769,
            "std_test_score": 0.016412415443656955,
            "rank_test_score": 5
        },
        {
            "mean_fit_time": 0.029631853103637695,
            "std_fit_time": 0.010122542455185844,
            "mean_score_time": 0.0019093990325927735,
            "std_score_time": 0.000486368539257037,
            "param_C": 1.0,
            "param_penalty": "l1",
            "param_solver": "saga",
            "params": {
                "C": 1,
                "penalty": "l1",
                "solver": "saga"
            },
            "split0_test_score": 0.8509316770186336,
            "split1_test_score": 0.8571428571428571,
            "split2_test_score": 0.8625,
            "split3_test_score": 0.86875,
            "split4_test_score": 0.89375,
            "mean_test_score": 0.8666149068322981,
            "std_test_score": 0.014788426454498666,
            "rank_test_score": 9
        },
        {
            "mean_fit_time": 0.005803489685058593,
            "std_fit_time": 0.0005773943867387934,
            "mean_score_time": 0.002411174774169922,
            "std_score_time": 0.0008595965207074975,
            "param_C": 1.0,
            "param_penalty": "l1",
            "param_solver": "liblinear",
            "params": {
                "C": 1,
                "penalty": "l1",