{
    "best parameters": {
        "C": 10,
        "penalty": "l1",
        "solver": "liblinear"
    },
    "results": [
        {
            "mean_fit_time": 0.034871673583984374,
            "std_fit_time": 0.004691912467402591,
            "mean_score_time": 0.0025415897369384767,
            "std_score_time": 0.0004941040243827282,
            "param_C": 10.0,
            "param_penalty": "l2",
            "param_solver": "saga",
            "params": {
                "C": 10,
                "penalty": "l2",
                "solver": "saga"
            },
            "split0_test_score": 0.8509316770186336,
            "split1_test_score": 0.8819875776397516,
            "split2_test_score": 0.875,
            "split3_test_score": 0.85625,
            "split4_test_score": 0.9,
            "mean_test_score": 0.8728338509316771,
            "std_test_score": 0.017783205017521144,
            "rank_test_score": 1
        },
        {
            "mean_fit_time": 0.005574083328247071,
            "std_fit_time": 0.0003451614878105461,
            "mean_score_time": 0.002806425094604492,
            "std_score_time": 0.0005574458470664609,
            "param_C": 10.0,
            "param_penalty": "l2",
            "param_solver": "liblinear",
            "params": {
                "C": 10,
                "penalty": "l2",
                "solver": "liblinear"
            },
            "split0_test_score": 0.8509316770186336,
            "split1_test_score": 0.8819875776397516,
            "split2_test_score": 0.875,
            "split3_test_score": 0.85625,
            "split4_test_score": 0.9,
            "mean_test_score": 0.8728338509316771,
            "std_test_score": 0.017783205017521144,
            "rank_test_score": 1
        },
        {
            "mean_fit_time": 0.06261577606201171,
            "std_fit_time": 0.011659482929047666,
            "mean_score_time": 0.0024033069610595705,
            "std_score_time": 0.000580788429929976,
            "param_C": 10.0,
            "param_penalty": "l1",
            "param_solver": "saga",
            "params": {
                "C": 10,
                "penalty": "l1",
                "solver": "saga"
            },
            "split0_test_score": 0.8509316770186336,
            "split1_test_score": 0.8819875776397516,
            "split2_test_score": 0.875,
            "split3_test_score": 0.85625,
            "split4_test_score": 0.9,
            "mean_test_score": 0.8728338509316771,
            "std_test_score": 0.017783205017521144,
            "rank_test_score": 1
        },
        {
            "mean_fit_time": 0.011580753326416015,
            "std_fit_time": 0.0032041474100758713,
            "mean_score_time": 0.00273590087890625,
            "std_score_time": 0.00038798828715833094,
            "param_C": 10.0,
            "param_penalty": "l1",
            "param_solver": "liblinear",
            "params": {
                "C": 10,
                "penalty": "l1",
                "solver": "liblinear"
            },
            "split0_test_score": 0.8509316770186336,
            "split1_test_score": 0.8819875776397516,
            "split2_test_score": 0.875,
            "split3_test_score": 0.85625,
            "split4_test_score": 0.9,
            "mean_test_score": 0.8728338509316771,
            "std_test_score": 0.017783205017521144,
            "rank_test_score": 1
        },
        {
            "mean_fit_time": 0.0661557674407959,
            "std_fit_time": 0.02149114804926133,
            "mean_score_time": 0.0018004894256591797,
            "std_score_time": 0.0004001643000758315,
            "param_C": 100.0,
            "param_penalty": "l2",
            "param_solver": "saga",
            "params": {
                "C": 100,
                "penalty": "l2",
                "solver": "saga"
            },
            "split0_test_score": 0.8509316770186336,
            "split1_test_score": 0.8819875776397516,
            "split2_test_score": 0.88125,
            "split3_test_score": 0.85625,
            "split4_test_score": 0.89375,
            "mean_test_score": 0.8728338509316769,
            "std_test_score": 0.016412415443656955,
            "rank_test_score": 5
        },
        {
            "mean_fit_time": 0.10054287910461426,
            "std_fit_time": 0.03732467258901146,
            "mean_score_time": 0.001599884033203125,
            "std_score_time": 0.0004901545880167128,
            "param_C": 100.0,
            "param_penalty": "l1",
            "param_solver": "saga",
            "params": {
                "C": 100,
                "penalty": "l1",
                "solver": "saga"
            },
            "split0_test_score": 0.8509316770186336,
            "split1_test_score": 0.8819875776397516,
            "split2_test_score": 0.88125,
            "split3_test_score": 0.85625,
            "split4_test_score": 0.89375,
            "mean_test_score": 0.8728338509316769,
            "std_test_score": 0.016412415443656955,
            "rank_test_score": 5
        },
        {
            "mean_fit_time": 0.034234142303466795,
            "std_fit_time": 0.017229797614292493,
            "mean_score_time": 0.0025056838989257813,
            "std_score_time": 0.0010018600681300555,
            "param_C": 100.0,
            "param_penalty": "l1",
            "param_solver": "liblinear",
            "params": {
                "C": 100,
                "penalty": "l1",
                "solver": "liblinear"
            },
            "split0_test_score": 0.8509316770186336,
            "split1_test_score": 0.8819875776397516,
            "split2_test_score": 0.88125,
            "split3_test_score": 0.85625,
            "split4_test_score": 0.89375,
            "mean_test_score": 0.8728338509316769,
            "std_test_score": 0.016412415443656955,
            "rank_test_score": 5
        },
        {
            "mean_fit_time": 0.006082391738891602,
            "std_fit_time": 0.0010655267421479846,
            "mean_score_time": 0.0025017261505126953,
            "std_score_time": 0.0004465484643581279,
            "param_C": 100.0,
            "param_penalty": "l2",
            "param_solver": "liblinear",
            "params": {
                "C": 100,
                "penalty": "l2",
                "solver": "liblinear"
            },
            "split0_test_score": 0.8509316770186336,
            "split1_test_score": 0.8819875776397516,
            "split2_test_score": 0.88125,
            "split3_test_score": 0.85625,
            "split4_test_score": 0.89375,
            "mean_test_score": 0.8728338509316769,
            "std_test_score": 0.016412415443656955,
            "rank_test_score": 5
        },
        {
            "mean_fit_time": 0.030744361877441406,
            "std_fit_time": 0.009636248866192309,
            "mean_score_time": 0.002399253845214844,
            "std_score_time": 0.0004886759572689184,
            "param_C": 1.0,
            "param_penalty": "l1",
            "param_solver": "saga",
            "params": {
                "C": 1,
                "penalty": "l1",
                "solver": "saga"
            },
            "split0_test_score": 0.8509316770186336,
            "split1_test_score": 0.8571428571428571,
            "split2_test_score": 0.8625,
            "split3_test_score": 0.86875,
            "split4_test_score": 0.89375,
            "mean_test_score": 0.8666149068322981,
            "std_test_score": 0.014788426454498666,
            "rank_test_score": 9
        },
        {
            "mean_fit_time": 0.007359218597412109,
            "std_fit_time": 0.001021375380040607,
            "mean_score_time": 0.0024866580963134764,
            "std_score_time": 0.00047343438040580734,
            "param_C": 1.0,
            "param_penalty": "l1",
            "param_solver": "liblinear",
            "params": {
                "C": 1,
                "penalty": "l1",