{
    "best parameters": {
        "classifier__C": 1,
        "classifier__penalty": "l1",
        "classifier__solver": "liblinear"
    },
    "results": [
        {
            "mean_fit_time": 0.01734895706176758,
            "std_fit_time": 0.0033986363897039198,
            "mean_score_time": 0.0072362422943115234,
            "std_score_time": 0.0015910635111115866,
            "param_classifier__C": 1.0,
            "param_classifier__penalty": "l1",
            "param_classifier__solver": "liblinear",
            "params": {
                "classifier__C": 1,
                "classifier__penalty": "l1",
                "classifier__solver": "liblinear"
            },
            "split0_test_score": 0.8757763975155279,
            "split1_test_score": 0.8633540372670807,
            "split2_test_score": 0.8509316770186336,
            "split3_test_score": 0.8571428571428571,
            "split4_test_score": 0.85,
            "mean_test_score": 0.8594409937888198,
            "std_test_score": 0.009476070829586847,
            "rank_test_score": 1
        },
        {
            "mean_fit_time": 0.030170345306396486,
            "std_fit_time": 0.003494041795208372,
            "mean_score_time": 0.007526397705078125,
            "std_score_time": 0.0004423265210732669,
            "param_classifier__C": 1.0,
            "param_classifier__penalty": "l1",
            "param_classifier__solver": "saga",
            "params": {
                "classifier__C": 1,
                "classifier__penalty": "l1",
                "classifier__solver": "saga"
            },
            "split0_test_score": 0.8757763975155279,
            "split1_test_score": 0.8509316770186336,
            "split2_test_score": 0.84472049689441,
            "split3_test_score": 0.8571428571428571,
            "split4_test_score": 0.85625,
            "mean_test_score": 0.8569642857142856,
            "std_test_score": 0.010399426663040067,
            "rank_test_score": 2
        },
        {
            "mean_fit_time": 0.02552022933959961,
            "std_fit_time": 0.0059387666794614696,
            "mean_score_time": 0.007892131805419922,
            "std_score_time": 0.0007674539039494307,
            "param_classifier__C": 10.0,
            "param_classifier__penalty": "l1",
            "param_classifier__solver": "liblinear",
            "params": {
                "classifier__C": 10,
                "classifier__penalty": "l1",
                "classifier__solver": "liblinear"
            },
            "split0_test_score": 0.8695652173913043,
            "split1_test_score": 0.8571428571428571,
            "split2_test_score": 0.8509316770186336,
            "split3_test_score": 0.8757763975155279,
            "split4_test_score": 0.83125,
            "mean_test_score": 0.8569332298136645,
            "std_test_score": 0.015558425064461933,
            "rank_test_score": 3
        },
        {
            "mean_fit_time": 0.015602827072143555,
            "std_fit_time": 0.001338635817329362,
            "mean_score_time": 0.007029294967651367,
            "std_score_time": 0.0007828071678147114,
            "param_classifier__C": 10.0,
            "param_classifier__penalty": "l2",
            "param_classifier__solver": "liblinear",
            "params": {
                "classifier__C": 10,
                "classifier__penalty": "l2",
                "classifier__solver": "liblinear"
            },
            "split0_test_score": 0.8633540372670807,
            "split1_test_score": 0.8757763975155279,
            "split2_test_score": 0.8509316770186336,
            "split3_test_score": 0.8633540372670807,
            "split4_test_score": 0.83125,
            "mean_test_score": 0.8569332298136645,
            "std_test_score": 0.015054337815801039,
            "rank_test_score": 3
        },
        {
            "mean_fit_time": 0.0360353946685791,
            "std_fit_time": 0.003649782272803084,
            "mean_score_time": 0.0051804065704345705,
            "std_score_time": 0.0018545527335685418,
            "param_classifier__C": 10.0,
            "param_classifier__penalty": "l2",
            "param_classifier__solver": "saga",
            "params": {
                "classifier__C": 10,
                "classifier__penalty": "l2",
                "classifier__solver": "saga"
            },
            "split0_test_score": 0.8633540372670807,
            "split1_test_score": 0.8757763975155279,
            "split2_test_score": 0.8509316770186336,
            "split3_test_score": 0.8633540372670807,
            "split4_test_score": 0.83125,
            "mean_test_score": 0.8569332298136645,
            "std_test_score": 0.015054337815801039,
            "rank_test_score": 3
        },
        {
            "mean_fit_time": 0.015174770355224609,
            "std_fit_time": 0.0009537416029081299,
            "mean_score_time": 0.007652664184570312,
            "std_score_time": 0.0010300300566361534,
            "param_classifier__C": 1.0,
            "param_classifier__penalty": "l2",
            "param_classifier__solver": "liblinear",
            "params": {
                "classifier__C": 1,
                "classifier__penalty": "l2",
                "classifier__solver": "liblinear"
            },
            "split0_test_score": 0.8819875776397516,
            "split1_test_score": 0.8509316770186336,
            "split2_test_score": 0.8571428571428571,
            "split3_test_score": 0.8509316770186336,
            "split4_test_score": 0.83125,
            "mean_test_score": 0.8544487577639751,
            "std_test_score": 0.016300716839107717,
            "rank_test_score": 6
        },
        {
            "mean_fit_time": 0.026757001876831055,
            "std_fit_time": 0.0038794666285918715,
            "mean_score_time": 0.00828242301940918,
            "std_score_time": 0.001309850999483612,
            "param_classifier__C": 1.0,
            "param_classifier__penalty": "l2",
            "param_classifier__solver": "saga",
            "params": {
                "classifier__C": 1,
                "classifier__penalty": "l2",
                "classifier__solver": "saga"
            },
            "split0_test_score": 0.8695652173913043,
            "split1_test_score": 0.8509316770186336,
            "split2_test_score": 0.8571428571428571,
            "split3_test_score": 0.8509316770186336,
            "split4_test_score": 0.8375,
            "mean_test_score": 0.8532142857142858,
            "std_test_score": 0.01039370983432821,
            "rank_test_score": 7
        },
        {
            "mean_fit_time": 0.04682245254516602,
            "std_fit_time": 0.010201725046816313,
            "mean_score_time": 0.0063231468200683595,
            "std_score_time": 0.0010358120717607517,
            "param_classifier__C": 10.0,
            "param_classifier__penalty": "l1",
            "param_classifier__solver": "saga",
            "params": {
                "classifier__C": 10,
                "classifier__penalty": "l1",
                "classifier__solver": "saga"
            },
            "split0_test_score": 0.8633540372670807,
            "split1_test_score": 0.8571428571428571,
            "split2_test_score": 0.8509316770186336,
            "split3_test_score": 0.8633540372670807,
            "split4_test_score": 0.83125,
            "mean_test_score": 0.8532065217391305,
            "std_test_score": 0.011905483144953788,
            "rank_test_score": 8
        },
        {
            "mean_fit_time": 0.014832782745361327,
            "std_fit_time": 0.003238513213466416,
            "mean_score_time": 0.008645105361938476,
            "std_score_time": 0.001948977137954632,
            "param_classifier__C": 0.1,
            "param_classifier__penalty": "l2",
            "param_classifier__solver": "liblinear",
            "params": {
                "classifier__C": 0.1,