{
    "best parameters": {
        "classifier__C": 1,
        "classifier__penalty": "l1",
        "classifier__solver": "liblinear"
    },
    "results": [
        {
            "mean_fit_time": 0.020717668533325195,
            "std_fit_time": 0.0021105623714463037,
            "mean_score_time": 0.007941818237304688,
            "std_score_time": 0.0003880129348947452,
            "param_classifier__C": 1.0,
            "param_classifier__penalty": "l1",
            "param_classifier__solver": "liblinear",
            "params": {
                "classifier__C": 1,
                "classifier__penalty": "l1",
                "classifier__solver": "liblinear"
            },
            "split0_test_score": 0.8757763975155279,
            "split1_test_score": 0.8633540372670807,
            "split2_test_score": 0.8509316770186336,
            "split3_test_score": 0.8571428571428571,
            "split4_test_score": 0.85,
            "mean_test_score": 0.8594409937888198,
            "std_test_score": 0.009476070829586847,
            "rank_test_score": 1
        },
        {
            "mean_fit_time": 0.04440150260925293,
            "std_fit_time": 0.012398419720220067,
            "mean_score_time": 0.009179306030273438,
            "std_score_time": 0.0007238478119733458,
            "param_classifier__C": 1.0,
            "param_classifier__penalty": "l1",
            "param_classifier__solver": "saga",
            "params": {
                "classifier__C": 1,
                "classifier__penalty": "l1",
                "classifier__solver": "saga"
            },
            "split0_test_score": 0.8757763975155279,
            "split1_test_score": 0.8509316770186336,
            "split2_test_score": 0.84472049689441,
            "split3_test_score": 0.8571428571428571,
            "split4_test_score": 0.85625,
            "mean_test_score": 0.8569642857142856,
            "std_test_score": 0.010399426663040067,
            "rank_test_score": 2
        },
        {
            "mean_fit_time": 0.024113893508911133,
            "std_fit_time": 0.007494712148918527,
            "mean_score_time": 0.008095073699951171,
            "std_score_time": 0.0006553214440905262,
            "param_classifier__C": 10.0,
            "param_classifier__penalty": "l1",
            "param_classifier__solver": "liblinear",
            "params": {
                "classifier__C": 10,
                "classifier__penalty": "l1",
                "classifier__solver": "liblinear"
            },
            "split0_test_score": 0.8695652173913043,
            "split1_test_score": 0.8571428571428571,
            "split2_test_score": 0.8509316770186336,
            "split3_test_score": 0.8757763975155279,
            "split4_test_score": 0.83125,
            "mean_test_score": 0.8569332298136645,
            "std_test_score": 0.015558425064461933,
            "rank_test_score": 3
        },
        {
            "mean_fit_time": 0.01663379669189453,
            "std_fit_time": 0.0016180115671703187,
            "mean_score_time": 0.00850367546081543,
            "std_score_time": 0.002139714621576985,
            "param_classifier__C": 10.0,
            "param_classifier__penalty": "l2",
            "param_classifier__solver": "liblinear",
            "params": {
                "classifier__C": 10,
                "classifier__penalty": "l2",
                "classifier__solver": "liblinear"
            },
            "split0_test_score": 0.8633540372670807,
            "split1_test_score": 0.8757763975155279,
            "split2_test_score": 0.8509316770186336,
            "split3_test_score": 0.8633540372670807,
            "split4_test_score": 0.83125,
            "mean_test_score": 0.8569332298136645,
            "std_test_score": 0.015054337815801039,
            "rank_test_score": 3
        },
        {
            "mean_fit_time": 0.03873577117919922,
            "std_fit_time": 0.004606600827292896,
            "mean_score_time": 0.004910135269165039,
            "std_score_time": 0.0008628784476917249,
            "param_classifier__C": 10.0,
            "param_classifier__penalty": "l2",
            "param_classifier__solver": "saga",
            "params": {
                "classifier__C": 10,
                "classifier__penalty": "l2",
                "classifier__solver": "saga"
            },
            "split0_test_score": 0.8633540372670807,
            "split1_test_score": 0.8757763975155279,
            "split2_test_score": 0.8509316770186336,
            "split3_test_score": 0.8633540372670807,
            "split4_test_score": 0.83125,
            "mean_test_score": 0.8569332298136645,
            "std_test_score": 0.015054337815801039,
            "rank_test_score": 3
        },
        {
            "mean_fit_time": 0.02205343246459961,
            "std_fit_time": 0.01428444127757377,
            "mean_score_time": 0.010883855819702148,
            "std_score_time": 0.004717399760687315,
            "param_classifier__C": 1.0,
            "param_classifier__penalty": "l2",
            "param_classifier__solver": "liblinear",
            "params": {
                "classifier__C": 1,
                "classifier__penalty": "l2",
                "classifier__solver": "liblinear"
            },
            "split0_test_score": 0.8819875776397516,
            "split1_test_score": 0.8509316770186336,
            "split2_test_score": 0.8571428571428571,
            "split3_test_score": 0.8509316770186336,
            "split4_test_score": 0.83125,
            "mean_test_score": 0.8544487577639751,
            "std_test_score": 0.016300716839107717,
            "rank_test_score": 6
        },
        {
            "mean_fit_time": 0.04409117698669433,
            "std_fit_time": 0.021446229641715667,
            "mean_score_time": 0.008304309844970704,
            "std_score_time": 0.0014719233465447993,
            "param_classifier__C": 1.0,
            "param_classifier__penalty": "l2",
            "param_classifier__solver": "saga",
            "params": {
                "classifier__C": 1,
                "classifier__penalty": "l2",
                "classifier__solver": "saga"
            },
            "split0_test_score": 0.8695652173913043,
            "split1_test_score": 0.8509316770186336,
            "split2_test_score": 0.8571428571428571,
            "split3_test_score": 0.8509316770186336,
            "split4_test_score": 0.8375,
            "mean_test_score": 0.8532142857142858,
            "std_test_score": 0.01039370983432821,
            "rank_test_score": 7
        },
        {
            "mean_fit_time": 0.05069279670715332,
            "std_fit_time": 0.01282038285367275,
            "mean_score_time": 0.005440044403076172,
            "std_score_time": 0.001081713069367594,
            "param_classifier__C": 10.0,
            "param_classifier__penalty": "l1",
            "param_classifier__solver": "saga",
            "params": {
                "classifier__C": 10,
                "classifier__penalty": "l1",
                "classifier__solver": "saga"
            },
            "split0_test_score": 0.8633540372670807,
            "split1_test_score": 0.8571428571428571,
            "split2_test_score": 0.8509316770186336,
            "split3_test_score": 0.8633540372670807,
            "split4_test_score": 0.83125,
            "mean_test_score": 0.8532065217391305,
            "std_test_score": 0.011905483144953788,
            "rank_test_score": 8
        },
        {
            "mean_fit_time": 0.01583242416381836,
            "std_fit_time": 0.0009310022234223601,
            "mean_score_time": 0.00922708511352539,
            "std_score_time": 0.0033513679153098367,
            "param_classifier__C": 0.1,
            "param_classifier__penalty": "l2",
            "param_classifier__solver": "liblinear",
            "params": {
                "classifier__C": 0.1,
                "classifier__penalty": "l2",