{
    "best parameters": {
        "C": 1,
        "penalty": "l1",
        "solver": "liblinear"
    },
    "results": [
        {
            "mean_fit_time": 0.00692291259765625,
            "std_fit_time": 0.000940496890929584,
            "mean_score_time": 0.002003049850463867,
            "std_score_time": 2.452816228792512e-06,
            "param_C": 1.0,
            "param_penalty": "l1",
            "param_solver": "liblinear",
            "params": {
                "C": 1,
                "penalty": "l1",
                "solver": "liblinear"
            },
            "split0_test_score": 0.8757763975155279,
            "split1_test_score": 0.8633540372670807,
            "split2_test_score": 0.8509316770186336,
            "split3_test_score": 0.8571428571428571,
            "split4_test_score": 0.85,
            "mean_test_score": 0.8594409937888198,
            "std_test_score": 0.009476070829586847,
            "rank_test_score": 1
        },
        {
            "mean_fit_time": 0.017917537689208986,
            "std_fit_time": 0.002918434474181661,
            "mean_score_time": 0.0022328853607177734,
            "std_score_time": 0.00023121496993853196,
            "param_C": 1.0,
            "param_penalty": "l1",
            "param_solver": "saga",
            "params": {
                "C": 1,
                "penalty": "l1",
                "solver": "saga"
            },
            "split0_test_score": 0.8757763975155279,
            "split1_test_score": 0.8509316770186336,
            "split2_test_score": 0.84472049689441,
            "split3_test_score": 0.8571428571428571,
            "split4_test_score": 0.85625,
            "mean_test_score": 0.8569642857142856,
            "std_test_score": 0.010399426663040067,
            "rank_test_score": 2
        },
        {
            "mean_fit_time": 0.03434300422668457,
            "std_fit_time": 0.0022965501933917437,
            "mean_score_time": 0.0025615692138671875,
            "std_score_time": 0.0008054785583754423,
            "param_C": 10.0,
            "param_penalty": "l2",
            "param_solver": "saga",
            "params": {
                "C": 10,
                "penalty": "l2",
                "solver": "saga"
            },
            "split0_test_score": 0.8633540372670807,
            "split1_test_score": 0.8757763975155279,
            "split2_test_score": 0.8509316770186336,
            "split3_test_score": 0.8633540372670807,
            "split4_test_score": 0.83125,
            "mean_test_score": 0.8569332298136645,
            "std_test_score": 0.015054337815801039,
            "rank_test_score": 3
        },
        {
            "mean_fit_time": 0.004576730728149414,
            "std_fit_time": 0.0006040590999602106,
            "mean_score_time": 0.0022002220153808593,
            "std_score_time": 0.0003996622126459866,
            "param_C": 10.0,
            "param_penalty": "l2",
            "param_solver": "liblinear",
            "params": {
                "C": 10,
                "penalty": "l2",
                "solver": "liblinear"
            },
            "split0_test_score": 0.8633540372670807,
            "split1_test_score": 0.8757763975155279,
            "split2_test_score": 0.8509316770186336,
            "split3_test_score": 0.8633540372670807,
            "split4_test_score": 0.83125,
            "mean_test_score": 0.8569332298136645,
            "std_test_score": 0.015054337815801039,
            "rank_test_score": 3
        },
        {
            "mean_fit_time": 0.011760520935058593,
            "std_fit_time": 0.004970005935361423,
            "mean_score_time": 0.001959705352783203,
            "std_score_time": 0.00024952504410021193,
            "param_C": 10.0,
            "param_penalty": "l1",
            "param_solver": "liblinear",
            "params": {
                "C": 10,
                "penalty": "l1",
                "solver": "liblinear"
            },
            "split0_test_score": 0.8695652173913043,
            "split1_test_score": 0.8571428571428571,
            "split2_test_score": 0.8509316770186336,
            "split3_test_score": 0.8757763975155279,
            "split4_test_score": 0.83125,
            "mean_test_score": 0.8569332298136645,
            "std_test_score": 0.015558425064461933,
            "rank_test_score": 3
        },
        {
            "mean_fit_time": 0.1003936767578125,
            "std_fit_time": 0.03177125122469371,
            "mean_score_time": 0.002033376693725586,
            "std_score_time": 6.697476221829431e-05,
            "param_C": 100.0,
            "param_penalty": "l1",
            "param_solver": "saga",
            "params": {
                "C": 100,
                "penalty": "l1",
                "solver": "saga"
            },
            "split0_test_score": 0.8695652173913043,
            "split1_test_score": 0.8571428571428571,
            "split2_test_score": 0.8509316770186336,
            "split3_test_score": 0.8695652173913043,
            "split4_test_score": 0.83125,
            "mean_test_score": 0.8556909937888199,
            "std_test_score": 0.014192317230434043,
            "rank_test_score": 6
        },
        {
            "mean_fit_time": 0.005165672302246094,
            "std_fit_time": 0.0007340328683690935,
            "mean_score_time": 0.0023033618927001953,
            "std_score_time": 0.00040281889656537445,
            "param_C": 100.0,
            "param_penalty": "l2",
            "param_solver": "liblinear",
            "params": {
                "C": 100,
                "penalty": "l2",
                "solver": "liblinear"
            },
            "split0_test_score": 0.8695652173913043,
            "split1_test_score": 0.8571428571428571,
            "split2_test_score": 0.8509316770186336,
            "split3_test_score": 0.8695652173913043,
            "split4_test_score": 0.83125,
            "mean_test_score": 0.8556909937888199,
            "std_test_score": 0.014192317230434043,
            "rank_test_score": 6
        },
        {
            "mean_fit_time": 0.05985860824584961,
            "std_fit_time": 0.008801721492428511,
            "mean_score_time": 0.001201295852661133,
            "std_score_time": 0.00040261771925000767,
            "param_C": 100.0,
            "param_penalty": "l2",
            "param_solver": "saga",
            "params": {
                "C": 100,
                "penalty": "l2",
                "solver": "saga"
            },
            "split0_test_score": 0.8695652173913043,
            "split1_test_score": 0.8571428571428571,
            "split2_test_score": 0.8509316770186336,
            "split3_test_score": 0.8695652173913043,
            "split4_test_score": 0.83125,
            "mean_test_score": 0.8556909937888199,
            "std_test_score": 0.014192317230434043,
            "rank_test_score": 6
        },
        {
            "mean_fit_time": 0.004000520706176758,
            "std_fit_time": 1.1142083592937394e-06,
            "mean_score_time": 0.002000570297241211,
            "std_score_time": 0.0006321855360111333,
            "param_C": 1.0,
            "param_penalty": "l2",
            "param_solver": "liblinear",
            "params": {
                "C": 1,
                "penalty": "l2",
                "solver": "liblinear"
            },
            "split0_test_score": 0.8819875776397516,
            "split1_test_score": 0.8509316770186336,
            "split2_test_score": 0.8571428571428571,
            "split3_test_score": 0.8509316770186336,
            "split4_test_score": 0.83125,
            "mean_test_score": 0.8544487577639751,
            "std_test_score": 0.016300716839107717,
            "rank_test_score": 9
        },
        {
            "mean_fit_time": 0.025168323516845705,
            "std_fit_time": 0.009597449102767051,
            "mean_score_time": 0.002303409576416016,