{
    "best parameters": {
        "C": 10,
        "penalty": "l1",
        "solver": "liblinear"
    },
    "results": [
        {
            "mean_fit_time": 0.03227787017822266,
            "std_fit_time": 0.0038344672991317513,
            "mean_score_time": 0.0025030136108398437,
            "std_score_time": 0.0004456637936255553,
            "param_C": 10.0,
            "param_penalty": "l2",
            "param_solver": "saga",
            "params": {
                "C": 10,
                "penalty": "l2",
                "solver": "saga"
            },
            "split0_test_score": 0.8509316770186336,
            "split1_test_score": 0.8819875776397516,
            "split2_test_score": 0.875,
            "split3_test_score": 0.85625,
            "split4_test_score": 0.9,
            "mean_test_score": 0.8728338509316771,
            "std_test_score": 0.017783205017521144,
            "rank_test_score": 1
        },
        {
            "mean_fit_time": 0.004612064361572266,
            "std_fit_time": 0.0004997155274089899,
            "mean_score_time": 0.002208042144775391,
            "std_score_time": 0.0005099350923798221,
            "param_C": 10.0,
            "param_penalty": "l2",
            "param_solver": "liblinear",
            "params": {
                "C": 10,
                "penalty": "l2",
                "solver": "liblinear"
            },
            "split0_test_score": 0.8509316770186336,
            "split1_test_score": 0.8819875776397516,
            "split2_test_score": 0.875,
            "split3_test_score": 0.85625,
            "split4_test_score": 0.9,
            "mean_test_score": 0.8728338509316771,
            "std_test_score": 0.017783205017521144,
            "rank_test_score": 1
        },
        {
            "mean_fit_time": 0.06072158813476562,
            "std_fit_time": 0.009676103535903282,
            "mean_score_time": 0.0021007537841796877,
            "std_score_time": 0.0006632526578351053,
            "param_C": 10.0,
            "param_penalty": "l1",
            "param_solver": "saga",
            "params": {
                "C": 10,
                "penalty": "l1",
                "solver": "saga"
            },
            "split0_test_score": 0.8509316770186336,
            "split1_test_score": 0.8819875776397516,
            "split2_test_score": 0.875,
            "split3_test_score": 0.85625,
            "split4_test_score": 0.9,
            "mean_test_score": 0.8728338509316771,
            "std_test_score": 0.017783205017521144,
            "rank_test_score": 1
        },
        {
            "mean_fit_time": 0.011223649978637696,
            "std_fit_time": 0.0031369855034620885,
            "mean_score_time": 0.0019137859344482422,
            "std_score_time": 0.00020305952359523326,
            "param_C": 10.0,
            "param_penalty": "l1",
            "param_solver": "liblinear",
            "params": {
                "C": 10,
                "penalty": "l1",
                "solver": "liblinear"
            },
            "split0_test_score": 0.8509316770186336,
            "split1_test_score": 0.8819875776397516,
            "split2_test_score": 0.875,
            "split3_test_score": 0.85625,
            "split4_test_score": 0.9,
            "mean_test_score": 0.8728338509316771,
            "std_test_score": 0.017783205017521144,
            "rank_test_score": 1
        },
        {
            "mean_fit_time": 0.059938812255859376,
            "std_fit_time": 0.01562817994335476,
            "mean_score_time": 0.0016503334045410156,
            "std_score_time": 0.0003607521596948322,
            "param_C": 100.0,
            "param_penalty": "l2",
            "param_solver": "saga",
            "params": {
                "C": 100,
                "penalty": "l2",
                "solver": "saga"
            },
            "split0_test_score": 0.8509316770186336,
            "split1_test_score": 0.8819875776397516,
            "split2_test_score": 0.88125,
            "split3_test_score": 0.85625,
            "split4_test_score": 0.89375,
            "mean_test_score": 0.8728338509316769,
            "std_test_score": 0.016412415443656955,
            "rank_test_score": 5
        },
        {
            "mean_fit_time": 0.09027957916259766,
            "std_fit_time": 0.044287914751874054,
            "mean_score_time": 0.0012224197387695312,
            "std_score_time": 0.00045125996332353707,
            "param_C": 100.0,
            "param_penalty": "l1",
            "param_solver": "saga",
            "params": {
                "C": 100,
                "penalty": "l1",
                "solver": "saga"
            },
            "split0_test_score": 0.8509316770186336,
            "split1_test_score": 0.8819875776397516,
            "split2_test_score": 0.88125,
            "split3_test_score": 0.85625,
            "split4_test_score": 0.89375,
            "mean_test_score": 0.8728338509316769,
            "std_test_score": 0.016412415443656955,
            "rank_test_score": 5
        },
        {
            "mean_fit_time": 0.030398464202880858,
            "std_fit_time": 0.016700820999463194,
            "mean_score_time": 0.002101707458496094,
            "std_score_time": 0.00020335907917647152,
            "param_C": 100.0,
            "param_penalty": "l1",
            "param_solver": "liblinear",
            "params": {
                "C": 100,
                "penalty": "l1",
                "solver": "liblinear"
            },
            "split0_test_score": 0.8509316770186336,
            "split1_test_score": 0.8819875776397516,
            "split2_test_score": 0.88125,
            "split3_test_score": 0.85625,
            "split4_test_score": 0.89375,
            "mean_test_score": 0.8728338509316769,
            "std_test_score": 0.016412415443656955,
            "rank_test_score": 5
        },
        {
            "mean_fit_time": 0.0050967693328857425,
            "std_fit_time": 0.0004940356424412509,
            "mean_score_time": 0.0023040294647216795,
            "std_score_time": 0.0005963360540633886,
            "param_C": 100.0,
            "param_penalty": "l2",
            "param_solver": "liblinear",
            "params": {
                "C": 100,
                "penalty": "l2",
                "solver": "liblinear"
            },
            "split0_test_score": 0.8509316770186336,
            "split1_test_score": 0.8819875776397516,
            "split2_test_score": 0.88125,
            "split3_test_score": 0.85625,
            "split4_test_score": 0.89375,
            "mean_test_score": 0.8728338509316769,
            "std_test_score": 0.016412415443656955,
            "rank_test_score": 5
        },
        {
            "mean_fit_time": 0.029729843139648438,
            "std_fit_time": 0.010492901788583609,
            "mean_score_time": 0.0023138046264648436,
            "std_score_time": 0.0008120228576186479,
            "param_C": 1.0,
            "param_penalty": "l1",
            "param_solver": "saga",
            "params": {
                "C": 1,
                "penalty": "l1",
                "solver": "saga"
            },
            "split0_test_score": 0.8509316770186336,
            "split1_test_score": 0.8571428571428571,
            "split2_test_score": 0.8625,
            "split3_test_score": 0.86875,
            "split4_test_score": 0.89375,
            "mean_test_score": 0.8666149068322981,
            "std_test_score": 0.014788426454498666,
            "rank_test_score": 9
        },
        {
            "mean_fit_time": 0.006267356872558594,
            "std_fit_time": 0.0008985335418600497,
            "mean_score_time": 0.0022031784057617186,
            "std_score_time": 0.00039798813995955864,
            "param_C": 1.0,
            "param_penalty": "l1",
            "param_solver": "liblinear",
            "params": {
                "C": 1,
                "penalty": "l1",